{"epoch": [0, 1, 2, 3, 4, 5, 6, 7, 8, 9, 10, 11, 12, 13, 14, 15, 16, 17, 18, 19, 20, 21, 22, 23, 24, 25, 26, 27, 28, 29, 30, 31, 32, 33, 34, 35, 36, 37, 38, 39, 40, 41, 42, 43, 44, 45, 46, 47, 48, 49, 50, 51, 52, 53, 54, 55, 56, 57, 58, 59, 60, 61, 62, 63, 64, 65, 66, 67, 68, 69, 70, 71, 72, 73, 74, 75, 76, 77, 78, 79, 80, 81, 82, 83, 84, 85, 86, 87, 88, 89, 90, 91, 92, 93, 94, 95, 96, 97, 98, 99], "mse": [0.4823494922160013, 0.35738329815956293, 0.29249531196535045, 0.25266129319820596, 0.2344083529958805, 0.21908052271435866, 0.209884055541712, 0.20133341293748416, 0.19989651425945162, 0.19508271594338367, 0.19158549890549836, 0.1897810294880893, 0.18983307621154563, 0.18541220786988827, 0.18259668053339748, 0.1842744636063136, 0.1781946665108857, 0.17728034839411405, 0.17298898433412027, 0.17268471350595768, 0.17085635323589096, 0.16770349393053677, 0.16407504514336305, 0.1642883095295543, 0.16368569861748752, 0.16212354404718524, 0.15907823664237392, 0.16264618243116843, 0.16154336437351302, 0.15854564294637846, 0.15905037404409245, 0.15849286845816607, 0.15615208015068985, 0.1567671692785688, 0.15539954405378817, 0.1558641210797747, 0.15343663185743334, 0.15531733566067207, 0.15177252366424226, 0.15109722461531067, 0.15278663692107333, 0.14593456590801, 0.14567844902690574, 0.1439089244766608, 0.15017413792806236, 0.14275140814537204, 0.1428248864188092, 0.14243182159080453, 0.14100372488234833, 0.13968567514793412, 0.13654454241344507, 0.14123298076267732, 0.13785837470881507, 0.1394649361667579, 0.13507732601971137, 0.1363468098289936, 0.13642085159220574, 0.13538957117130965, 0.13353962711306408, 0.12956153478709298, 0.12853255770562838, 0.12485575450068216, 0.12644055600480916, 0.12798175988164445, 0.12381140647269712, 0.12416010450725917, 0.11877806298953925, 0.12036512759500315, 0.12183255723231193, 0.11753647804490244, 0.11695822611305867, 0.1165853592800522, 0.11426403042064552, 0.11648876961980527, 0.1144583240725184, 0.11325536664712645, 0.11416190340537695, 0.11177081511987526, 0.10913060819469811, 0.11091642536875425, 0.11021343727079674, 0.11004727115399542, 0.11007034546255468, 0.10754554113406768, 0.10541660264205115, 0.10764157077962283, 0.1047985174584712, 0.10898686532818694, 0.10591167462920661, 0.10613466293627229, 0.10339847151993932, 0.10431570535308464, 0.10411917950078141, 0.10295693816335133, 0.10493621804045834, 0.10124251168220148, 0.10144441729112227, 0.10173329383252577, 0.10161475925393648, 0.10048442082644786], "teach": [0.8176917694867726, 0.8207800694132182, 0.8193222014108943, 0.8185690661370036, 0.8188118132455121, 0.8187110381057633, 0.8181502851511355, 0.8172065361288519, 0.8163787226847926, 0.815563752493934, 0.8150936918586322, 0.8147676984677032, 0.8142737496747003, 0.8138409257133764, 0.8133984018833817, 0.812859128108428, 0.8128697773341239, 0.8128913422673287, 0.8126451529755258, 0.812417775107518, 0.8122688596605336, 0.8119752161146926, 0.8117380851518813, 0.8115120814801086, 0.8113650848697141, 0.8109866414574668, 0.8105329641817131, 0.8101258288047529, 0.8098552835080456, 0.8096861184546643, 0.8093817601483762, 0.8089657440217214, 0.8086278234742442, 0.808404383183145, 0.8082989151844475, 0.8081807103815061, 0.8081053444766791, 0.8078134693535481, 0.8074778792550011, 0.8071516113843455, 0.8068517742791453, 0.8065318619410139, 0.8063878798282937, 0.8061701065028649, 0.8058939277366653, 0.8056407112762254, 0.8053812173396951, 0.8052602447196522, 0.8051550036903312, 0.8050346323918103, 0.804910108252349, 0.8046958965553357, 0.8044423660861547, 0.8041854715104465, 0.8039243617258842, 0.8036966236559505, 0.8034058654910735, 0.8031210730335072, 0.8029217293506312, 0.8026583846864459, 0.8023473576291286, 0.8021148740407756, 0.8018625463929073, 0.8017043174247295, 0.8014461913830025, 0.8011177700738903, 0.8008168485034245, 0.800653449753866, 0.8004243230186049, 0.8002612450626428, 0.7999800884130462, 0.7997305949129242, 0.7994438837925116, 0.7992468657406446, 0.7990517068895301, 0.7988348322505339, 0.7986197165732427, 0.7984193025694176, 0.7982486848214063, 0.7980975184784538, 0.7980488952428744, 0.7980217810949867, 0.7980330504481078, 0.7980832928746058, 0.7981807116012706, 0.798269478374382, 0.7984005488764419, 0.7984654990170187, 0.7985133193834505, 0.7985950565316497, 0.7988053404370472, 0.7989515094705385, 0.7990957754228577, 0.7992913072613747, 0.7994149537870909, 0.7995648804992299, 0.7997648078093896, 0.7999755174520842, 0.8001617908342312, 0.800435340413816], "mse_val": [0.40503335513243355, 0.32422037704687023, 0.2506705662745201, 0.2515433884148234, 0.21248451116870146, 0.20938684521400416, 0.18506401072493914, 0.19032012628447798, 0.1920509337721943, 0.20846954192498843, 0.1906578104316949, 0.17941170365179768, 0.17722178016008666, 0.17769730998866756, 0.18434990797211057, 0.17156618272035087, 0.16577440274325717, 0.1848648433394801, 0.1587696562584323, 0.15977821178223903, 0.16061178902667764, 0.16499061301815723, 0.17112767417038569, 0.1594093327704431, 0.1613945051050675, 0.15005823611773472, 0.16390675159479642, 0.14464840869604628, 0.15011714955268352, 0.15609436143680755, 0.15577970958514742, 0.15662801651043493, 0.16074309998092465, 0.1458652689903364, 0.15820853115518055, 0.15184700627998474, 0.15718257554443435, 0.1507935319853149, 0.16833391244030046, 0.15667774582735683, 0.1348848191479664, 0.15015426144143806, 0.1407032137523062, 0.14025119851420476, 0.1487241850323936, 0.13864758838887967, 0.14107358415976404, 0.1593648715642293, 0.1320118173712559, 0.13279296693889933, 0.14232361922487538, 0.13048406559404918, 0.13554149225288933, 0.14046534779358974, 0.13000284371663628, 0.1294144196743848, 0.13894901069450538, 0.12797270157087376, 0.12892780699018644, 0.12162168660268433, 0.127621168219993, 0.12614847526939876, 0.1278316571565986, 0.12039371911188393, 0.11978561451614254, 0.13195134519097934, 0.12758164544627573, 0.11958347158607958, 0.12662086258220245, 0.11683183152537031, 0.12477729502412162, 0.11574427105205053, 0.11739181703798983, 0.113706133385283, 0.1234559082221987, 0.1155902217392925, 0.11671639457783542, 0.12629287991657207, 0.11360103457657085, 0.12017608376097924, 0.11457585504117465, 0.1139624024862219, 0.11638020486505127, 0.11284788388115422, 0.11561083798715764, 0.10652616547193222, 0.11164892986864151, 0.10092988487309057, 0.10356507653460692, 0.10757277194454401, 0.09327404025492865, 0.10697947601218084, 0.09990089535059797, 0.10174901603159109, 0.1072487509820911, 0.11326835415983158, 0.10175428605346196, 0.10510658084776305, 0.10875825057123248, 0.1114538964745321],